# Redirect default Netlify subdomain to primary domain
https://alistairmork-chadwick.netlify.com/* https://www.alistairmork-chadwick.co.za/:splat 301!
http://alistairmork-chadwick.co.za/* https://www.alistairmork-chadwick.co.za/:splat 301!
https://alistairmork-chadwick.co.za/* https://www.alistairmork-chadwick.co.za/:splat 301!
https://alistairmork-chadwick.co.za/* https://www.alistairmork-chadwick.co.za/:splat 301!

# Redirect with a 301 (default)
/articles/  /blog/
/articles/boosting-ones-brain-functioning-through-diet/ /blog/boosting-ones-brain-functioning-through-diet/
/articles/what-is-mindfulness-and-how-does-it-work/ /blog/what-is-mindfulness-and-how-does-it-work/
/articles/what-can-i-expect-when-i-see-a-psychologist/  /blog/what-can-i-expect-when-i-see-a-psychologist/
/articles/how-to-deal-with-clinical-depression-major-depressive-disorder/  /blog/how-to-deal-with-clinical-depression-major-depressive-disorder/
/career-guidance/	/services/career-guidance/
/psychological-assessments/	/services/psychological-assessments/
/psychotherapy/	/services/personal-counselling/
/rates/	/contact/
/services/	/#services
/transformative-training/	/services/mindfulness-training/
/workshops-for-businesses-and-ngos/	/contact/
/workshops-for-schools/	/contact/
/workshops-for-the-public/	/contact/
/workshops-seminars/	/contact/
